Origin,Total
Alabama,227
Alabama,661
Alabama,431
Alabama,2174
Alabama,1463
Alabama,366
Alabama,92
Alabama,186
Alabama,7252
Alabama,7541
Alabama,142
Alabama,5
Alabama,833
Alabama,836
Alabama,206
Alabama,457
Alabama,1128
Alabama,1591
Alabama,47
Alabama,727
Alabama,257
Alabama,987
Alabama,276
Alabama,2687
Alabama,1115
Alabama,97
Alabama,308
Alabama,436
Alabama,76
Alabama,115
Alabama,362
Alabama,449
Alabama,2058
Alabama,16
Alabama,935
Alabama,331
Alabama,159
Alabama,746
Alabama,0
Alabama,1230
Alabama,173
Alabama,4320
Alabama,3394
Alabama,364
Alabama,0
Alabama,1653
Alabama,720
Alabama,156
Alabama,165
Alabama,89
Alaska,429
Alaska,1263
Alaska,180
Alaska,2083
Alaska,898
Alaska,193
Alaska,79
Alaska,44
Alaska,1182
Alaska,489
Alaska,401
Alaska,672
Alaska,407
Alaska,105
Alaska,156
Alaska,179
Alaska,135
Alaska,395
Alaska,26
Alaska,73
Alaska,185
Alaska,239
Alaska,296
Alaska,57
Alaska,704
Alaska,524
Alaska,94
Alaska,836
Alaska,78
Alaska,166
Alaska,404
Alaska,525
Alaska,777
Alaska,68
Alaska,315
Alaska,166
Alaska,1025
Alaska,404
Alaska,54
Alaska,111
Alaska,29
Alaska,561
Alaska,1515
Alaska,519
Alaska,92
Alaska,626
Alaska,2741
Alaska,69
Alaska,547
Alaska,104
Arizona,868
Arizona,624
Arizona,647
Arizona,17511
Arizona,4810
Arizona,309
Arizona,24
Arizona,279
Arizona,4453
Arizona,1316
Arizona,922
Arizona,2023
Arizona,3090
Arizona,1251
Arizona,1588
Arizona,1087
Arizona,487
Arizona,589
Arizona,158
Arizona,1107
Arizona,1059
Arizona,2736
Arizona,1887
Arizona,204
Arizona,1648
Arizona,602
Arizona,767
Arizona,3599
Arizona,476
Arizona,445
Arizona,2325
Arizona,2072
Arizona,2351
Arizona,72
Arizona,1869
Arizona,1111
Arizona,3958
Arizona,1716
Arizona,255
Arizona,628
Arizona,187
Arizona,1050
Arizona,10407
Arizona,3826
Arizona,0
Arizona,1631
Arizona,6073
Arizona,112
Arizona,1494
Arizona,451
Arkansas,859
Arkansas,224
Arkansas,864
Arkansas,1882
Arkansas,820
Arkansas,140
Arkansas,0
Arkansas,11
Arkansas,2194
Arkansas,1096
Arkansas,64
Arkansas,121
Arkansas,941
Arkansas,582
Arkansas,307
Arkansas,752
Arkansas,301
Arkansas,1166
Arkansas,0
Arkansas,211
Arkansas,225
Arkansas,353
Arkansas,358
Arkansas,1121
Arkansas,3226
Arkansas,72
Arkansas,122
Arkansas,240
Arkansas,183
Arkansas,122
Arkansas,214
Arkansas,404
Arkansas,759
Arkansas,39
Arkansas,477
Arkansas,3057
Arkansas,420
Arkansas,478
Arkansas,0
Arkansas,460
Arkansas,158
Arkansas,2161
Arkansas,7312
Arkansas,118
Arkansas,0
Arkansas,437
Arkansas,587
Arkansas,76
Arkansas,503
Arkansas,242
California,1674
California,2075
California,35420
California,2511
California,15176
California,2275
California,223
California,1938
California,16777
California,9704
California,6508
California,9557
California,8693
California,3996
California,2003
California,2891
California,2253
California,2990
California,707
California,5296
California,6502
California,4974
California,3615
California,1578
California,4800
California,3327
California,1585
California,28989
California,712
California,5266
California,3855
California,12995
California,10312
California,884
California,6572
California,3960
California,23626
California,6847
California,817
California,3476
California,915
California,5293
California,41645
California,9064
California,639
California,10865
California,27878
California,378
California,3558
California,1227
Colorado,983
Colorado,989
Colorado,7778
Colorado,1301
Colorado,11559
Colorado,528
Colorado,17
Colorado,419
Colorado,9068
Colorado,2034
Colorado,1244
Colorado,1624
Colorado,2391
Colorado,1312
Colorado,1793
Colorado,2599
Colorado,566
Colorado,1029
Colorado,704
Colorado,1279
Colorado,1184
Colorado,1751
Colorado,2565
Colorado,221
Colorado,2836
Colorado,1417
Colorado,1811
Colorado,2516
Colorado,359
Colorado,816
Colorado,3177
Colorado,2083
Colorado,2632
Colorado,526
Colorado,2076
Colorado,1934
Colorado,2759
Colorado,2455
Colorado,180
Colorado,1347
Colorado,496
Colorado,1781
Colorado,11575
Colorado,2509
Colorado,349
Colorado,2487
Colorado,5334
Colorado,235
Colorado,1212
Colorado,2449
Connecticut,393
Connecticut,41
Connecticut,944
Connecticut,0
Connecticut,3212
Connecticut,1134
Connecticut,228
Connecticut,188
Connecticut,9361
Connecticut,1802
Connecticut,22
Connecticut,173
Connecticut,1181
Connecticut,226
Connecticut,111
Connecticut,164
Connecticut,359
Connecticut,155
Connecticut,1227
Connecticut,856
Connecticut,5427
Connecticut,546
Connecticut,411
Connecticut,26
Connecticut,78
Connecticut,12
Connecticut,387
Connecticut,566
Connecticut,1103
Connecticut,2094
Connecticut,70
Connecticut,8223
Connecticut,2988
Connecticut,150
Connecticut,1242
Connecticut,101
Connecticut,169
Connecticut,1867
Connecticut,1974
Connecticut,1751
Connecticut,0
Connecticut,834
Connecticut,1736
Connecticut,325
Connecticut,661
Connecticut,1637
Connecticut,1109
Connecticut,141
Connecticut,170
Connecticut,32
Delaware,64
Delaware,72
Delaware,601
Delaware,60
Delaware,830
Delaware,233
Delaware,163
Delaware,70
Delaware,1660
Delaware,678
Delaware,0
Delaware,0
Delaware,32
Delaware,221
Delaware,37
Delaware,0
Delaware,98
Delaware,0
Delaware,79
Delaware,3132
Delaware,277
Delaware,110
Delaware,0
Delaware,18
Delaware,184
Delaware,0
Delaware,17
Delaware,39
Delaware,28
Delaware,810
Delaware,33
Delaware,826
Delaware,1087
Delaware,12
Delaware,176
Delaware,117
Delaware,24
Delaware,3965
Delaware,0
Delaware,186
Delaware,0
Delaware,167
Delaware,842
Delaware,107
Delaware,9
Delaware,704
Delaware,119
Delaware,63
Delaware,145
Delaware,0
District of Columbia,167
District of Columbia,12
District of Columbia,158
District of Columbia,100
District of Columbia,3650
District of Columbia,583
District of Columbia,172
District of Columbia,139
District of Columbia,1232
District of Columbia,592
District of Columbia,182
District of Columbia,0
District of Columbia,682
District of Columbia,80
District of Columbia,68
District of Columbia,53
District of Columbia,115
District of Columbia,34
District of Columbia,0
District of Columbia,12715
District of Columbia,930
District of Columbia,279
District of Columbia,245
District of Columbia,15
District of Columbia,132
District of Columbia,20
District of Columbia,54
District of Columbia,65
District of Columbia,100
District of Columbia,486
District of Columbia,55
District of Columbia,3479
District of Columbia,906
District of Columbia,0
District of Columbia,497
District of Columbia,110
District of Columbia,304
District of Columbia,1763
District of Columbia,20
District of Columbia,390
District of Columbia,0
District of Columbia,286
District of Columbia,803
District of Columbia,327
District of Columbia,64
District of Columbia,7388
District of Columbia,976
District of Columbia,290
District of Columbia,80
District of Columbia,0
Florida,7927
Florida,615
Florida,4864
Florida,1795
Florida,14868
Florida,8054
Florida,2643
Florida,629
Florida,793
Florida,23684
Florida,1266
Florida,883
Florida,7296
Florida,4951
Florida,1374
Florida,1672
Florida,3724
Florida,3118
Florida,1544
Florida,5473
Florida,5839
Florida,6740
Florida,2615
Florida,2378
Florida,3771
Florida,826
Florida,1547
Florida,3664
Florida,1565
Florida,5660
Florida,1444
Florida,12596
Florida,17358
Florida,579
Florida,8347
Florida,2138
Florida,2061
Florida,7564
Florida,1598
Florida,8887
Florida,485
Florida,11951
Florida,19821
Florida,1143
Florida,361
Florida,9661
Florida,5866
Florida,1224
Florida,2445
Florida,357
Georgia,10893
Georgia,451
Georgia,2370
Georgia,1215
Georgia,7409
Georgia,2904
Georgia,939
Georgia,140
Georgia,552
Georgia,24384
Georgia,1373
Georgia,147
Georgia,2898
Georgia,1732
Georgia,274
Georgia,987
Georgia,1454
Georgia,2178
Georgia,177
Georgia,2669
Georgia,1476
Georgia,2264
Georgia,983
Georgia,2080
Georgia,1614
Georgia,142
Georgia,268
Georgia,1203
Georgia,231
Georgia,1638
Georgia,431
Georgia,4069
Georgia,9456
Georgia,339
Georgia,3290
Georgia,866
Georgia,630
Georgia,3182
Georgia,219
Georgia,7950
Georgia,104
Georgia,7556
Georgia,10062
Georgia,824
Georgia,127
Georgia,4573
Georgia,2336
Georgia,406
Georgia,1314
Georgia,61
Hawaii,512
Hawaii,339
Hawaii,1180
Hawaii,84
Hawaii,7130
Hawaii,1787
Hawaii,431
Hawaii,16
Hawaii,12
Hawaii,1417
Hawaii,648
Hawaii,185
Hawaii,324
Hawaii,343
Hawaii,284
Hawaii,309
Hawaii,149
Hawaii,287
Hawaii,110
Hawaii,1048
Hawaii,203
Hawaii,318
Hawaii,71
Hawaii,214
Hawaii,339
Hawaii,33
Hawaii,35
Hawaii,2620
Hawaii,31
Hawaii,106
Hawaii,338
Hawaii,580
Hawaii,679
Hawaii,84
Hawaii,269
Hawaii,280
Hawaii,1593
Hawaii,417
Hawaii,13
Hawaii,533
Hawaii,147
Hawaii,576
Hawaii,2870
Hawaii,780
Hawaii,0
Hawaii,1573
Hawaii,2087
Hawaii,73
Hawaii,200
Hawaii,30
Idaho,22
Idaho,358
Idaho,1601
Idaho,91
Idaho,2210
Idaho,711
Idaho,15
Idaho,0
Idaho,40
Idaho,593
Idaho,460
Idaho,210
Idaho,145
Idaho,195
Idaho,401
Idaho,37
Idaho,138
Idaho,172
Idaho,89
Idaho,142
Idaho,8
Idaho,279
Idaho,148
Idaho,153
Idaho,416
Idaho,790
Idaho,133
Idaho,980
Idaho,41
Idaho,35
Idaho,234
Idaho,187
Idaho,149
Idaho,230
Idaho,169
Idaho,197
Idaho,2962
Idaho,308
Idaho,25
Idaho,252
Idaho,47
Idaho,172
Idaho,878
Idaho,3214
Idaho,0
Idaho,130
Idaho,4984
Idaho,43
Idaho,196
Idaho,387
Illinois,1181
Illinois,644
Illinois,6765
Illinois,1572
Illinois,15273
Illinois,6214
Illinois,548
Illinois,282
Illinois,849
Illinois,16393
Illinois,6184
Illinois,1038
Illinois,220
Illinois,12637
Illinois,4611
Illinois,1414
Illinois,2216
Illinois,932
Illinois,274
Illinois,1481
Illinois,2140
Illinois,6662
Illinois,4272
Illinois,1294
Illinois,9133
Illinois,754
Illinois,686
Illinois,2001
Illinois,484
Illinois,1177
Illinois,452
Illinois,3821
Illinois,4244
Illinois,324
Illinois,4101
Illinois,1414
Illinois,1615
Illinois,2336
Illinois,153
Illinois,2030
Illinois,366
Illinois,5516
Illinois,13486
Illinois,1185
Illinois,34
Illinois,3091
Illinois,3453
Illinois,281
Illinois,11813
Illinois,69
Indiana,1045
Indiana,18
Indiana,2626
Indiana,587
Indiana,3777
Indiana,1559
Indiana,195
Indiana,27
Indiana,237
Indiana,8848
Indiana,1783
Indiana,231
Indiana,172
Indiana,7269
Indiana,292
Indiana,773
Indiana,5596
Indiana,311
Indiana,18
Indiana,700
Indiana,773
Indiana,5163
Indiana,1026
Indiana,555
Indiana,1428
Indiana,271
Indiana,163
Indiana,491
Indiana,393
Indiana,581
Indiana,256
Indiana,861
Indiana,2537
Indiana,77
Indiana,6121
Indiana,710
Indiana,610
Indiana,1201
Indiana,98
Indiana,1484
Indiana,234
Indiana,3341
Indiana,4832
Indiana,533
Indiana,0
Indiana,1631
Indiana,1209
Indiana,258
Indiana,893
Indiana,63
Iowa,272
Iowa,314
Iowa,1800
Iowa,228
Iowa,1728
Iowa,1637
Iowa,111
Iowa,14
Iowa,51
Iowa,2368
Iowa,575
Iowa,309
Iowa,110
Iowa,3951
Iowa,602
Iowa,1201
Iowa,377
Iowa,196
Iowa,163
Iowa,230
Iowa,182
Iowa,290
Iowa,2490
Iowa,113
Iowa,2793
Iowa,129
Iowa,2718
Iowa,407
Iowa,5
Iowa,12
Iowa,164
Iowa,496
Iowa,790
Iowa,339
Iowa,714
Iowa,370
Iowa,358
Iowa,237
Iowa,76
Iowa,374
Iowa,1319
Iowa,602
Iowa,2830
Iowa,320
Iowa,0
Iowa,534
Iowa,445
Iowa,48
Iowa,2141
Iowa,105
Kansas,284
Kansas,593
Kansas,2032
Kansas,991
Kansas,1924
Kansas,2741
Kansas,83
Kansas,143
Kansas,0
Kansas,1969
Kansas,1928
Kansas,340
Kansas,293
Kansas,1098
Kansas,963
Kansas,952
Kansas,740
Kansas,301
Kansas,19
Kansas,195
Kansas,288
Kansas,846
Kansas,285
Kansas,232
Kansas,12028
Kansas,139
Kansas,2069
Kansas,414
Kansas,16
Kansas,380
Kansas,147
Kansas,509
Kansas,914
Kansas,70
Kansas,797
Kansas,2628
Kansas,653
Kansas,421
Kansas,8
Kansas,497
Kansas,344
Kansas,814
Kansas,5221
Kansas,194
Kansas,9
Kansas,881
Kansas,1050
Kansas,101
Kansas,215
Kansas,124
Kentucky,934
Kentucky,221
Kentucky,959
Kentucky,470
Kentucky,2043
Kentucky,1108
Kentucky,125
Kentucky,26
Kentucky,74
Kentucky,6183
Kentucky,1979
Kentucky,170
Kentucky,119
Kentucky,1404
Kentucky,5261
Kentucky,305
Kentucky,352
Kentucky,367
Kentucky,226
Kentucky,308
Kentucky,296
Kentucky,1194
Kentucky,351
Kentucky,462
Kentucky,885
Kentucky,63
Kentucky,167
Kentucky,196
Kentucky,107
Kentucky,53
Kentucky,133
Kentucky,779
Kentucky,1510
Kentucky,1
Kentucky,7925
Kentucky,552
Kentucky,267
Kentucky,791
Kentucky,87
Kentucky,1029
Kentucky,26
Kentucky,6361
Kentucky,3236
Kentucky,142
Kentucky,276
Kentucky,1925
Kentucky,426
Kentucky,704
Kentucky,547
Kentucky,213
Louisiana,1378
Louisiana,356
Louisiana,1040
Louisiana,1501
Louisiana,3114
Louisiana,1553
Louisiana,287
Louisiana,46
Louisiana,135
Louisiana,3286
Louisiana,2525
Louisiana,76
Louisiana,136
Louisiana,740
Louisiana,579
Louisiana,320
Louisiana,369
Louisiana,494
Louisiana,11
Louisiana,288
Louisiana,827
Louisiana,550
Louisiana,112
Louisiana,4378
Louisiana,1108
Louisiana,291
Louisiana,61
Louisiana,350
Louisiana,275
Louisiana,595
Louisiana,265
Louisiana,1048
Louisiana,1299
Louisiana,158
Louisiana,697
Louisiana,1191
Louisiana,653
Louisiana,320
Louisiana,52
Louisiana,1063
Louisiana,291
Louisiana,1358
Louisiana,15381
Louisiana,313
Louisiana,0
Louisiana,1595
Louisiana,867
Louisiana,110
Louisiana,469
Louisiana,184
Maine,62
Maine,121
Maine,199
Maine,8
Maine,1240
Maine,302
Maine,384
Maine,63
Maine,62
Maine,2395
Maine,216
Maine,0
Maine,75
Maine,277
Maine,145
Maine,0
Maine,4
Maine,212
Maine,22
Maine,186
Maine,1905
Maine,497
Maine,142
Maine,13
Maine,156
Maine,41
Maine,3
Maine,57
Maine,1926
Maine,197
Maine,62
Maine,528
Maine,837
Maine,0
Maine,201
Maine,64
Maine,252
Maine,697
Maine,238
Maine,409
Maine,0
Maine,478
Maine,573
Maine,39
Maine,103
Maine,418
Maine,128
Maine,87
Maine,64
Maine,300
Maryland,375
Maryland,169
Maryland,1433
Maryland,285
Maryland,6757
Maryland,2073
Maryland,863
Maryland,4320
Maryland,8393
Maryland,9475
Maryland,2298
Maryland,297
Maryland,113
Maryland,1380
Maryland,540
Maryland,240
Maryland,515
Maryland,836
Maryland,542
Maryland,166
Maryland,1591
Maryland,708
Maryland,758
Maryland,284
Maryland,396
Maryland,148
Maryland,394
Maryland,572
Maryland,373
Maryland,2505
Maryland,222
Maryland,3646
Maryland,5389
Maryland,160
Maryland,1632
Maryland,505
Maryland,456
Maryland,8441
Maryland,233
Maryland,2955
Maryland,74
Maryland,940
Maryland,4668
Maryland,311
Maryland,37
Maryland,15810
Maryland,1849
Maryland,2939
Maryland,428
Maryland,0
Massachusetts,380
Massachusetts,103
Massachusetts,1502
Massachusetts,163
Massachusetts,10343
Massachusetts,2005
Massachusetts,4718
Massachusetts,196
Massachusetts,1005
Massachusetts,11931
Massachusetts,1941
Massachusetts,434
Massachusetts,183
Massachusetts,1966
Massachusetts,487
Massachusetts,133
Massachusetts,349
Massachusetts,375
Massachusetts,268
Massachusetts,3799
Massachusetts,1544
Massachusetts,1245
Massachusetts,1103
Massachusetts,230
Massachusetts,700
Massachusetts,217
Massachusetts,95
Massachusetts,745
Massachusetts,10553
Massachusetts,1951
Massachusetts,293
Massachusetts,7192
Massachusetts,3307
Massachusetts,0
Massachusetts,1660
Massachusetts,201
Massachusetts,1012
Massachusetts,2712
Massachusetts,6137
Massachusetts,1943
Massachusetts,78
Massachusetts,1598
Massachusetts,3884
Massachusetts,622
Massachusetts,1234
Massachusetts,3091
Massachusetts,2523
Massachusetts,179
Massachusetts,229
Massachusetts,82
Michigan,957
Michigan,244
Michigan,4272
Michigan,665
Michigan,5687
Michigan,2505
Michigan,324
Michigan,16
Michigan,283
Michigan,13427
Michigan,2853
Michigan,129
Michigan,372
Michigan,4711
Michigan,4251
Michigan,342
Michigan,478
Michigan,1272
Michigan,733
Michigan,421
Michigan,1085
Michigan,1303
Michigan,1271
Michigan,439
Michigan,889
Michigan,360
Michigan,397
Michigan,1195
Michigan,296
Michigan,829
Michigan,437
Michigan,1972
Michigan,3646
Michigan,59
Michigan,5675
Michigan,430
Michigan,811
Michigan,2112
Michigan,194
Michigan,1219
Michigan,34
Michigan,3240
Michigan,5355
Michigan,313
Michigan,127
Michigan,2033
Michigan,1947
Michigan,232
Michigan,2330
Michigan,129
Minnesota,211
Minnesota,446
Minnesota,5065
Minnesota,452
Minnesota,4978
Minnesota,2144
Minnesota,350
Minnesota,11
Minnesota,77
Minnesota,4499
Minnesota,1594
Minnesota,207
Minnesota,307
Minnesota,1959
Minnesota,534
Minnesota,1879
Minnesota,621
Minnesota,294
Minnesota,182
Minnesota,0
Minnesota,553
Minnesota,602
Minnesota,1032
Minnesota,48
Minnesota,805
Minnesota,546
Minnesota,661
Minnesota,1177
Minnesota,147
Minnesota,316
Minnesota,409
Minnesota,940
Minnesota,1090
Minnesota,3407
Minnesota,1022
Minnesota,382
Minnesota,1009
Minnesota,1225
Minnesota,33
Minnesota,266
Minnesota,2022
Minnesota,928
Minnesota,3784
Minnesota,173
Minnesota,66
Minnesota,872
Minnesota,1789
Minnesota,86
Minnesota,7905
Minnesota,142
Mississippi,3421
Mississippi,0
Mississippi,303
Mississippi,1419
Mississippi,1207
Mississippi,436
Mississippi,0
Mississippi,12
Mississippi,93
Mississippi,2700
Mississippi,2698
Mississippi,95
Mississippi,25
Mississippi,1204
Mississippi,479
Mississippi,208
Mississippi,263
Mississippi,238
Mississippi,4214
Mississippi,43
Mississippi,620
Mississippi,99
Mississippi,976
Mississippi,348
Mississippi,1396
Mississippi,42
Mississippi,105
Mississippi,373
Mississippi,0
Mississippi,150
Mississippi,124
Mississippi,413
Mississippi,785
Mississippi,72
Mississippi,649
Mississippi,378
Mississippi,199
Mississippi,518
Mississippi,48
Mississippi,375
Mississippi,13
Mississippi,4833
Mississippi,4609
Mississippi,242
Mississippi,0
Mississippi,994
Mississippi,346
Mississippi,45
Mississippi,130
Mississippi,0
Missouri,706
Missouri,262
Missouri,2186
Missouri,3335
Missouri,4119
Missouri,2920
Missouri,344
Missouri,42
Missouri,262
Missouri,6805
Missouri,1899
Missouri,388
Missouri,551
Missouri,7763
Missouri,1192
Missouri,2290
Missouri,11749
Missouri,1007
Missouri,368
Missouri,44
Missouri,477
Missouri,704
Missouri,1886
Missouri,1064
Missouri,578
Missouri,222
Missouri,578
Missouri,710
Missouri,104
Missouri,311
Missouri,247
Missouri,1505
Missouri,1840
Missouri,587
Missouri,1906
Missouri,2384
Missouri,824
Missouri,652
Missouri,191
Missouri,963
Missouri,176
Missouri,1356
Missouri,8773
Missouri,712
Missouri,25
Missouri,1960
Missouri,1745
Missouri,60
Missouri,1188
Missouri,275
Montana,174
Montana,64
Montana,1153
Montana,93
Montana,1124
Montana,1172
Montana,0
Montana,0
Montana,27
Montana,423
Montana,235
Montana,78
Montana,989
Montana,174
Montana,235
Montana,129
Montana,351
Montana,17
Montana,127
Montana,70
Montana,91
Montana,64
Montana,296
Montana,320
Montana,76
Montana,143
Montana,48
Montana,347
Montana,0
Montana,29
Montana,289
Montana,60
Montana,335
Montana,890
Montana,323
Montana,3
Montana,1375
Montana,158
Montana,54
Montana,46
Montana,333
Montana,152
Montana,992
Montana,1047
Montana,0
Montana,110
Montana,2608
Montana,11
Montana,185
Montana,929
Nebraska,163
Nebraska,11
Nebraska,931
Nebraska,331
Nebraska,1307
Nebraska,2737
Nebraska,5
Nebraska,101
Nebraska,172
Nebraska,1590
Nebraska,727
Nebraska,86
Nebraska,122
Nebraska,1215
Nebraska,256
Nebraska,3096
Nebraska,1297
Nebraska,134
Nebraska,110
Nebraska,0
Nebraska,15
Nebraska,277
Nebraska,576
Nebraska,1392
Nebraska,116
Nebraska,1108
Nebraska,151
Nebraska,353
Nebraska,30
Nebraska,191
Nebraska,53
Nebraska,159
Nebraska,399
Nebraska,65
Nebraska,463
Nebraska,404
Nebraska,166
Nebraska,706
Nebraska,49
Nebraska,285
Nebraska,812
Nebraska,376
Nebraska,2294
Nebraska,243
Nebraska,19
Nebraska,444
Nebraska,352
Nebraska,0
Nebraska,221
Nebraska,271
Nevada,424
Nevada,609
Nevada,4324
Nevada,411
Nevada,13907
Nevada,2666
Nevada,125
Nevada,43
Nevada,33
Nevada,3226
Nevada,872
Nevada,1114
Nevada,1778
Nevada,974
Nevada,507
Nevada,161
Nevada,419
Nevada,196
Nevada,664
Nevada,0
Nevada,367
Nevada,266
Nevada,1205
Nevada,546
Nevada,333
Nevada,864
Nevada,415
Nevada,279
Nevada,180
Nevada,259
Nevada,824
Nevada,1154
Nevada,1132
Nevada,86
Nevada,992
Nevada,294
Nevada,2066
Nevada,809
Nevada,11
Nevada,368
Nevada,119
Nevada,657
Nevada,5001
Nevada,2352
Nevada,0
Nevada,1063
Nevada,2514
Nevada,112
Nevada,516
Nevada,627
New Hampshire,78
New Hampshire,66
New Hampshire,322
New Hampshire,49
New Hampshire,617
New Hampshire,203
New Hampshire,357
New Hampshire,44
New Hampshire,56
New Hampshire,3620
New Hampshire,507
New Hampshire,24
New Hampshire,16
New Hampshire,369
New Hampshire,185
New Hampshire,0
New Hampshire,0
New Hampshire,148
New Hampshire,51
New Hampshire,2938
New Hampshire,271
New Hampshire,5611
New Hampshire,108
New Hampshire,346
New Hampshire,15
New Hampshire,126
New Hampshire,135
New Hampshire,0
New Hampshire,64
New Hampshire,266
New Hampshire,166
New Hampshire,896
New Hampshire,687
New Hampshire,116
New Hampshire,355
New Hampshire,44
New Hampshire,173
New Hampshire,289
New Hampshire,314
New Hampshire,390
New Hampshire,38
New Hampshire,255
New Hampshire,811
New Hampshire,109
New Hampshire,1215
New Hampshire,659
New Hampshire,448
New Hampshire,53
New Hampshire,245
New Hampshire,55
New Jersey,444
New Jersey,122
New Jersey,2140
New Jersey,137
New Jersey,6684
New Jersey,1929
New Jersey,1919
New Jersey,2614
New Jersey,567
New Jersey,19560
New Jersey,3569
New Jersey,324
New Jersey,12
New Jersey,1849
New Jersey,1264
New Jersey,41
New Jersey,255
New Jersey,170
New Jersey,459
New Jersey,556
New Jersey,3489
New Jersey,2250
New Jersey,968
New Jersey,270
New Jersey,365
New Jersey,866
New Jersey,51
New Jersey,281
New Jersey,1204
New Jersey,239
New Jersey,435
New Jersey,19158
New Jersey,7401
New Jersey,284
New Jersey,1935
New Jersey,266
New Jersey,479
New Jersey,20250
New Jersey,241
New Jersey,2993
New Jersey,154
New Jersey,1097
New Jersey,5526
New Jersey,321
New Jersey,450
New Jersey,3894
New Jersey,2205
New Jersey,32
New Jersey,825
New Jersey,158
New Mexico,461
New Mexico,379
New Mexico,4610
New Mexico,225
New Mexico,2833
New Mexico,3370
New Mexico,157
New Mexico,117
New Mexico,47
New Mexico,1845
New Mexico,675
New Mexico,308
New Mexico,336
New Mexico,185
New Mexico,384
New Mexico,137
New Mexico,101
New Mexico,292
New Mexico,360
New Mexico,95
New Mexico,491
New Mexico,255
New Mexico,330
New Mexico,121
New Mexico,64
New Mexico,560
New Mexico,78
New Mexico,610
New Mexico,1067
New Mexico,66
New Mexico,80
New Mexico,413
New Mexico,727
New Mexico,657
New Mexico,429
New Mexico,567
New Mexico,856
New Mexico,496
New Mexico,12
New Mexico,399
New Mexico,96
New Mexico,379
New Mexico,8417
New Mexico,719
New Mexico,135
New Mexico,1023
New Mexico,858
New Mexico,28
New Mexico,200
New Mexico,284
New York,1313
New York,232
New York,2954
New York,388
New York,26169
New York,5289
New York,14280
New York,1642
New York,2300
New York,39334
New York,9051
New York,865
New York,420
New York,4216
New York,1160
New York,199
New York,1231
New York,1059
New York,1366
New York,1250
New York,4555
New York,9728
New York,2954
New York,1075
New York,422
New York,1418
New York,335
New York,327
New York,1742
New York,1561
New York,33733
New York,833
New York,15546
New York,386
New York,4504
New York,1105
New York,1771
New York,19275
New York,1276
New York,6387
New York,23
New York,3444
New York,11806
New York,1254
New York,1473
New York,7764
New York,4322
New York,298
New York,799
New York,167
North Carolina,2749
North Carolina,582
North Carolina,3060
North Carolina,516
North Carolina,7477
North Carolina,3162
North Carolina,1046
North Carolina,468
North Carolina,770
North Carolina,16035
North Carolina,8024
North Carolina,1426
North Carolina,534
North Carolina,2718
North Carolina,1703
North Carolina,728
North Carolina,963
North Carolina,1561
North Carolina,1023
North Carolina,785
North Carolina,3648
North Carolina,2155
North Carolina,1999
North Carolina,1367
North Carolina,422
North Carolina,1738
North Carolina,201
North Carolina,385
North Carolina,1046
North Carolina,731
North Carolina,1988
North Carolina,458
North Carolina,5543
North Carolina,103
North Carolina,3897
North Carolina,915
North Carolina,1574
North Carolina,4562
North Carolina,354
North Carolina,17802
North Carolina,19
North Carolina,5089
North Carolina,7372
North Carolina,646
North Carolina,94
North Carolina,11801
North Carolina,2594
North Carolina,1579
North Carolina,815
North Carolina,137
North Dakota,134
North Dakota,115
North Dakota,1088
North Dakota,71
North Dakota,549
North Dakota,823
North Dakota,51
North Dakota,0
North Dakota,2
North Dakota,762
North Dakota,141
North Dakota,43
North Dakota,398
North Dakota,191
North Dakota,89
North Dakota,146
North Dakota,137
North Dakota,89
North Dakota,101
North Dakota,0
North Dakota,197
North Dakota,67
North Dakota,340
North Dakota,4556
North Dakota,52
North Dakota,189
North Dakota,835
North Dakota,344
North Dakota,97
North Dakota,18
North Dakota,82
North Dakota,34
North Dakota,212
North Dakota,296
North Dakota,288
North Dakota,146
North Dakota,198
North Dakota,325
North Dakota,70
North Dakota,186
North Dakota,1275
North Dakota,47
North Dakota,747
North Dakota,341
North Dakota,21
North Dakota,251
North Dakota,884
North Dakota,0
North Dakota,413
North Dakota,289
Ohio,804
Ohio,82
Ohio,3691
Ohio,269
Ohio,6571
Ohio,2544
Ohio,871
Ohio,100
Ohio,432
Ohio,16705
Ohio,4182
Ohio,235
Ohio,203
Ohio,3780
Ohio,6351
Ohio,558
Ohio,548
Ohio,8203
Ohio,800
Ohio,341
Ohio,1631
Ohio,1056
Ohio,7613
Ohio,1326
Ohio,529
Ohio,1408
Ohio,369
Ohio,299
Ohio,1044
Ohio,220
Ohio,1126
Ohio,644
Ohio,2749
Ohio,5439
Ohio,19
Ohio,475
Ohio,693
Ohio,6406
Ohio,241
Ohio,3092
Ohio,151
Ohio,3504
Ohio,5756
Ohio,731
Ohio,80
Ohio,3533
Ohio,1547
Ohio,2791
Ohio,1069
Ohio,162
Oklahoma,476
Oklahoma,103
Oklahoma,2074
Oklahoma,3041
Oklahoma,3077
Oklahoma,2485
Oklahoma,107
Oklahoma,154
Oklahoma,0
Oklahoma,2181
Oklahoma,1181
Oklahoma,286
Oklahoma,277
Oklahoma,760
Oklahoma,677
Oklahoma,403
Oklahoma,2718
Oklahoma,311
Oklahoma,771
Oklahoma,21
Oklahoma,501
Oklahoma,313
Oklahoma,410
Oklahoma,595
Oklahoma,219
Oklahoma,2813
Oklahoma,178
Oklahoma,343
Oklahoma,597
Oklahoma,44
Oklahoma,146
Oklahoma,554
Oklahoma,708
Oklahoma,899
Oklahoma,205
Oklahoma,433
Oklahoma,686
Oklahoma,845
Oklahoma,16
Oklahoma,375
Oklahoma,95
Oklahoma,1090
Oklahoma,13768
Oklahoma,413
Oklahoma,0
Oklahoma,1129
Oklahoma,1500
Oklahoma,98
Oklahoma,691
Oklahoma,145
Oregon,237
Oregon,637
Oregon,6080
Oregon,143
Oregon,10730
Oregon,2566
Oregon,174
Oregon,0
Oregon,58
Oregon,1577
Oregon,876
Oregon,898
Oregon,2534
Oregon,596
Oregon,555
Oregon,351
Oregon,384
Oregon,401
Oregon,244
Oregon,123
Oregon,351
Oregon,439
Oregon,750
Oregon,448
Oregon,225
Oregon,694
Oregon,825
Oregon,271
Oregon,1683
Oregon,205
Oregon,106
Oregon,573
Oregon,1117
Oregon,1194
Oregon,39
Oregon,1001
Oregon,459
Oregon,699
Oregon,197
Oregon,216
Oregon,35
Oregon,854
Oregon,2553
Oregon,1978
Oregon,91
Oregon,363
Oregon,17483
Oregon,86
Oregon,436
Oregon,185
Pennsylvania,725
Pennsylvania,154
Pennsylvania,2586
Pennsylvania,611
Pennsylvania,8375
Pennsylvania,2307
Pennsylvania,1896
Pennsylvania,6938
Pennsylvania,597
Pennsylvania,19623
Pennsylvania,3629
Pennsylvania,325
Pennsylvania,333
Pennsylvania,2918
Pennsylvania,1817
Pennsylvania,405
Pennsylvania,454
Pennsylvania,1022
Pennsylvania,623
Pennsylvania,872
Pennsylvania,7757
Pennsylvania,3971
Pennsylvania,2393
Pennsylvania,1104
Pennsylvania,173
Pennsylvania,1049
Pennsylvania,37
Pennsylvania,260
Pennsylvania,1097
Pennsylvania,627
Pennsylvania,13604
Pennsylvania,740
Pennsylvania,10702
Pennsylvania,7717
Pennsylvania,392
Pennsylvania,7133
Pennsylvania,540
Pennsylvania,970
Pennsylvania,406
Pennsylvania,3744
Pennsylvania,11
Pennsylvania,1832
Pennsylvania,6823
Pennsylvania,472
Pennsylvania,443
Pennsylvania,6694
Pennsylvania,1879
Pennsylvania,2321
Pennsylvania,706
Pennsylvania,453
Rhode Island,136
Rhode Island,0
Rhode Island,108
Rhode Island,0
Rhode Island,1769
Rhode Island,335
Rhode Island,1623
Rhode Island,20
Rhode Island,38
Rhode Island,2081
Rhode Island,288
Rhode Island,90
Rhode Island,0
Rhode Island,290
Rhode Island,0
Rhode Island,104
Rhode Island,0
Rhode Island,0
Rhode Island,7
Rhode Island,127
Rhode Island,294
Rhode Island,4789
Rhode Island,163
Rhode Island,149
Rhode Island,5
Rhode Island,78
Rhode Island,0
Rhode Island,271
Rhode Island,76
Rhode Island,422
Rhode Island,230
Rhode Island,130
Rhode Island,810
Rhode Island,383
Rhode Island,0
Rhode Island,91
Rhode Island,39
Rhode Island,86
Rhode Island,407
Rhode Island,452
Rhode Island,0
Rhode Island,206
Rhode Island,563
Rhode Island,63
Rhode Island,145
Rhode Island,778
Rhode Island,179
Rhode Island,0
Rhode Island,8
Rhode Island,25
South Carolina,566
South Carolina,28
South Carolina,841
South Carolina,18
South Carolina,2019
South Carolina,1346
South Carolina,477
South Carolina,167
South Carolina,217
South Carolina,7279
South Carolina,8012
South Carolina,336
South Carolina,51
South Carolina,615
South Carolina,872
South Carolina,366
South Carolina,104
South Carolina,1001
South Carolina,964
South Carolina,173
South Carolina,1003
South Carolina,820
South Carolina,1500
South Carolina,168
South Carolina,365
South Carolina,1022
South Carolina,31
South Carolina,306
South Carolina,963
South Carolina,183
South Carolina,672
South Carolina,414
South Carolina,2153
South Carolina,14787
South Carolina,74
South Carolina,1701
South Carolina,466
South Carolina,549
South Carolina,2255
South Carolina,285
South Carolina,329
South Carolina,2517
South Carolina,4323
South Carolina,245
South Carolina,42
South Carolina,4735
South Carolina,1206
South Carolina,808
South Carolina,601
South Carolina,146
South Dakota,28
South Dakota,247
South Dakota,912
South Dakota,60
South Dakota,547
South Dakota,850
South Dakota,58
South Dakota,7
South Dakota,52
South Dakota,744
South Dakota,207
South Dakota,29
South Dakota,14
South Dakota,124
South Dakota,198
South Dakota,1187
South Dakota,87
South Dakota,81
South Dakota,45
South Dakota,8
South Dakota,69
South Dakota,67
South Dakota,158
South Dakota,2219
South Dakota,0
South Dakota,366
South Dakota,141
South Dakota,1146
South Dakota,160
South Dakota,0
South Dakota,41
South Dakota,16
South Dakota,15
South Dakota,426
South Dakota,1219
South Dakota,150
South Dakota,61
South Dakota,109
South Dakota,204
South Dakota,34
South Dakota,201
South Dakota,215
South Dakota,673
South Dakota,213
South Dakota,0
South Dakota,104
South Dakota,337
South Dakota,23
South Dakota,266
South Dakota,240
Tennessee,5295
Tennessee,118
Tennessee,1189
Tennessee,2481
Tennessee,2742
Tennessee,1825
Tennessee,312
Tennessee,81
Tennessee,417
Tennessee,9449
Tennessee,9138
Tennessee,449
Tennessee,147
Tennessee,2643
Tennessee,2056
Tennessee,444
Tennessee,834
Tennessee,4632
Tennessee,992
Tennessee,331
Tennessee,998
Tennessee,760
Tennessee,3068
Tennessee,1361
Tennessee,4896
Tennessee,1188
Tennessee,76
Tennessee,324
Tennessee,513
Tennessee,175
Tennessee,474
Tennessee,406
Tennessee,1911
Tennessee,4323
Tennessee,520
Tennessee,3007
Tennessee,657
Tennessee,590
Tennessee,1424
Tennessee,341
Tennessee,2346
Tennessee,188
Tennessee,6621
Tennessee,487
Tennessee,61
Tennessee,3848
Tennessee,1757
Tennessee,949
Tennessee,979
Tennessee,104
Texas,4677
Texas,813
Texas,9012
Texas,6764
Texas,21122
Texas,15648
Texas,1375
Texas,574
Texas,1042
Texas,16655
Texas,10357
Texas,1413
Texas,1735
Texas,6147
Texas,3940
Texas,1987
Texas,4288
Texas,2471
Texas,10501
Texas,1174
Texas,3112
Texas,2087
Texas,4888
Texas,3198
Texas,2637
Texas,5447
Texas,798
Texas,2610
Texas,2988
Texas,792
Texas,3196
Texas,7990
Texas,6120
Texas,7872
Texas,801
Texas,6423
Texas,12674
Texas,3357
Texas,5279
Texas,677
Texas,3526
Texas,480
Texas,7315
Texas,3758
Texas,159
Texas,7670
Texas,9210
Texas,442
Texas,2494
Texas,1460
Utah,378
Utah,60
Utah,3978
Utah,273
Utah,4683
Utah,1527
Utah,82
Utah,0
Utah,157
Utah,2057
Utah,545
Utah,639
Utah,3953
Utah,594
Utah,388
Utah,140
Utah,373
Utah,394
Utah,151
Utah,258
Utah,369
Utah,378
Utah,278
Utah,536
Utah,145
Utah,1022
Utah,1231
Utah,363
Utah,2468
Utah,172
Utah,137
Utah,579
Utah,392
Utah,678
Utah,67
Utah,709
Utah,529
Utah,2022
Utah,609
Utah,96
Utah,470
Utah,189
Utah,576
Utah,3928
Utah,1
Utah,1259
Utah,3727
Utah,85
Utah,1043
Utah,708
Vermont,0
Vermont,34
Vermont,242
Vermont,0
Vermont,516
Vermont,417
Vermont,319
Vermont,98
Vermont,149
Vermont,1559
Vermont,229
Vermont,45
Vermont,89
Vermont,211
Vermont,20
Vermont,121
Vermont,0
Vermont,40
Vermont,28
Vermont,335
Vermont,192
Vermont,1362
Vermont,11
Vermont,0
Vermont,0
Vermont,295
Vermont,56
Vermont,8
Vermont,47
Vermont,1498
Vermont,174
Vermont,59
Vermont,1299
Vermont,459
Vermont,0
Vermont,185
Vermont,124
Vermont,223
Vermont,685
Vermont,99
Vermont,224
Vermont,0
Vermont,423
Vermont,252
Vermont,33
Vermont,577
Vermont,228
Vermont,46
Vermont,49
Vermont,0
Virginia,1761
Virginia,209
Virginia,398
Virginia,0
Virginia,2513
Virginia,212
Virginia,828
Virginia,22
Virginia,10932
Virginia,389
Virginia,4289
Virginia,118
Virginia,1126
Virginia,23
Virginia,1254
Virginia,101
Virginia,5857
Virginia,109
Virginia,16889
Virginia,2283
Virginia,6443
Virginia,403
Virginia,2049
Virginia,33
Virginia,330
Virginia,0
Virginia,3395
Virginia,350
Virginia,1474
Virginia,221
Virginia,276
Virginia,266
Virginia,910
Virginia,27
Virginia,1460
Virginia,1143
Virginia,911
Virginia,168
Virginia,539
Virginia,5
Virginia,14942
Virginia,1809
Virginia,1967
Virginia,87
Virginia,1952
Virginia,221
Virginia,1089
Virginia,37
Virginia,659
Virginia,511
Virginia,1373
Virginia,202
Virginia,235
Virginia,16
Virginia,416
Virginia,18
Virginia,876
Virginia,19
Virginia,423
Virginia,92
Virginia,2752
Virginia,315
Virginia,794
Virginia,57
Virginia,5676
Virginia,405
Virginia,16047
Virginia,2091
Virginia,95
Virginia,0
Virginia,3217
Virginia,4242
Virginia,770
Virginia,43
Virginia,1439
Virginia,92
Virginia,6574
Virginia,2598
Virginia,514
Virginia,0
Virginia,4608
Virginia,1124
Virginia,325
Virginia,18
Virginia,4641
Virginia,858
Virginia,9759
Virginia,807
Virginia,636
Virginia,103
Virginia,190
Virginia,27
Virginia,3106
Virginia,275
Virginia,3403
Virginia,74492
Virginia,1187
Virginia,206
Virginia,293
Virginia,52
Washington,774
Washington,1882
Washington,10479
Washington,585
Washington,18559
Washington,4059
Washington,450
Washington,156
Washington,266
Washington,3713
Washington,1500
Washington,2758
Washington,6047
Washington,1673
Washington,769
Washington,584
Washington,871
Washington,629
Washington,556
Washington,385
Washington,927
Washington,842
Washington,1457
Washington,2389
Washington,423
Washington,1262
Washington,2395
Washington,394
Washington,3347
Washington,124
Washington,799
Washington,944
Washington,2701
Washington,2278
Washington,275
Washington,1806
Washington,711
Washington,14178
Washington,1660
Washington,405
Washington,1211
Washington,64
Washington,1363
Washington,7448
Washington,2205
Washington,87
Washington,3633
Washington,213
Washington,918
Washington,449
West Virginia,209
West Virginia,0
West Virginia,212
West Virginia,22
West Virginia,389
West Virginia,118
West Virginia,23
West Virginia,101
West Virginia,109
West Virginia,2283
West Virginia,403
West Virginia,33
West Virginia,0
West Virginia,350
West Virginia,221
West Virginia,266
West Virginia,27
West Virginia,1143
West Virginia,168
West Virginia,5
West Virginia,1809
West Virginia,87
West Virginia,221
West Virginia,37
West Virginia,511
West Virginia,202
West Virginia,16
West Virginia,18
West Virginia,19
West Virginia,92
West Virginia,315
West Virginia,57
West Virginia,405
West Virginia,2091
West Virginia,0
West Virginia,4242
West Virginia,43
West Virginia,92
West Virginia,2598
West Virginia,0
West Virginia,1124
West Virginia,18
West Virginia,858
West Virginia,807
West Virginia,103
West Virginia,27
West Virginia,2942
West Virginia,275
West Virginia,206
West Virginia,52
Wisconsin,654
Wisconsin,132
Wisconsin,3065
Wisconsin,410
Wisconsin,3129
Wisconsin,2172
Wisconsin,197
Wisconsin,43
Wisconsin,246
Wisconsin,5287
Wisconsin,1500
Wisconsin,57
Wisconsin,108
Wisconsin,7001
Wisconsin,1225
Wisconsin,1236
Wisconsin,231
Wisconsin,833
Wisconsin,187
Wisconsin,26
Wisconsin,744
Wisconsin,528
Wisconsin,2113
Wisconsin,7086
Wisconsin,485
Wisconsin,992
Wisconsin,272
Wisconsin,170
Wisconsin,685
Wisconsin,43
Wisconsin,303
Wisconsin,155
Wisconsin,935
Wisconsin,1048
Wisconsin,172
Wisconsin,1005
Wisconsin,107
Wisconsin,775
Wisconsin,1141
Wisconsin,79
Wisconsin,504
Wisconsin,297
Wisconsin,917
Wisconsin,3117
Wisconsin,525
Wisconsin,74
Wisconsin,849
Wisconsin,1518
Wisconsin,113
Wisconsin,63
Wyoming,0
Wyoming,155
Wyoming,502
Wyoming,220
Wyoming,1154
Wyoming,1723
Wyoming,70
Wyoming,0
Wyoming,0
Wyoming,440
Wyoming,335
Wyoming,0
Wyoming,891
Wyoming,130
Wyoming,106
Wyoming,194
Wyoming,329
Wyoming,178
Wyoming,84
Wyoming,5
Wyoming,0
Wyoming,49
Wyoming,222
Wyoming,101
Wyoming,137
Wyoming,314
Wyoming,1377
Wyoming,432
Wyoming,447
Wyoming,0
Wyoming,69
Wyoming,115
Wyoming,89
Wyoming,25
Wyoming,292
Wyoming,123
Wyoming,153
Wyoming,282
Wyoming,89
Wyoming,0
Wyoming,48
Wyoming,883
Wyoming,126
Wyoming,814
Wyoming,899
Wyoming,9
Wyoming,58
Wyoming,674
Wyoming,0
Wyoming,353
