To_State,Total
Alaska,227
Arizona,661
Arkansas,431
California,2174
Colorado,1463
Connecticut,366
Delaware,92
District of Columbia,186
Florida,7252
Georgia,7541
Hawaii,142
Idaho,5
Illinois,833
Indiana,836
Iowa,206
Kansas,457
Kentucky,1128
Louisiana,1591
Maine,47
Maryland,727
Massachusetts,257
Michigan,987
Minnesota,276
Mississippi,2687
Missouri,1115
Montana,97
Nebraska,308
Nevada,436
New Hampshire,76
New Jersey,115
New Mexico,362
New York,449
North Carolina,2058
North Dakota,16
Ohio,935
Oklahoma,331
Oregon,159
Pennsylvania,746
Rhode Island,0
South Carolina,1230
South Dakota,173
Tennessee,4320
Texas,3394
Utah,364
Vermont,0
Virginia,1653
Washington,720
West Virginia,156
Wisconsin,165
Wyoming,89
Alabama,429
Arizona,1263
Arkansas,180
California,2083
Colorado,898
Connecticut,193
Delaware,79
District of Columbia,44
Florida,1182
Georgia,489
Hawaii,401
Idaho,672
Illinois,407
Indiana,105
Iowa,156
Kansas,179
Kentucky,135
Louisiana,395
Maine,26
Maryland,73
Massachusetts,185
Michigan,239
Minnesota,296
Mississippi,57
Missouri,704
Montana,524
Nebraska,94
Nevada,836
New Hampshire,78
New Jersey,166
New Mexico,404
New York,525
North Carolina,777
North Dakota,68
Ohio,315
Oklahoma,166
Oregon,1025
Pennsylvania,404
Rhode Island,54
South Carolina,111
South Dakota,29
Tennessee,561
Texas,1515
Utah,519
Vermont,92
Virginia,626
Washington,2741
West Virginia,69
Wisconsin,547
Wyoming,104
Alabama,868
Alaska,624
Arkansas,647
California,17511
Colorado,4810
Connecticut,309
Delaware,24
District of Columbia,279
Florida,4453
Georgia,1316
Hawaii,922
Idaho,2023
Illinois,3090
Indiana,1251
Iowa,1588
Kansas,1087
Kentucky,487
Louisiana,589
Maine,158
Maryland,1107
Massachusetts,1059
Michigan,2736
Minnesota,1887
Mississippi,204
Missouri,1648
Montana,602
Nebraska,767
Nevada,3599
New Hampshire,476
New Jersey,445
New Mexico,2325
New York,2072
North Carolina,2351
North Dakota,72
Ohio,1869
Oklahoma,1111
Oregon,3958
Pennsylvania,1716
Rhode Island,255
South Carolina,628
South Dakota,187
Tennessee,1050
Texas,10407
Utah,3826
Vermont,0
Virginia,1631
Washington,6073
West Virginia,112
Wisconsin,1494
Wyoming,451
Alabama,859
Alaska,224
Arizona,864
California,1882
Colorado,820
Connecticut,140
Delaware,0
District of Columbia,11
Florida,2194
Georgia,1096
Hawaii,64
Idaho,121
Illinois,941
Indiana,582
Iowa,307
Kansas,752
Kentucky,301
Louisiana,1166
Maine,0
Maryland,211
Massachusetts,225
Michigan,353
Minnesota,358
Mississippi,1121
Missouri,3226
Montana,72
Nebraska,122
Nevada,240
New Hampshire,183
New Jersey,122
New Mexico,214
New York,404
North Carolina,759
North Dakota,39
Ohio,477
Oklahoma,3057
Oregon,420
Pennsylvania,478
Rhode Island,0
South Carolina,460
South Dakota,158
Tennessee,2161
Texas,7312
Utah,118
Vermont,0
Virginia,437
Washington,587
West Virginia,76
Wisconsin,503
Wyoming,242
Alabama,1674
Alaska,2075
Arizona,35420
Arkansas,2511
Colorado,15176
Connecticut,2275
Delaware,223
District of Columbia,1938
Florida,16777
Georgia,9704
Hawaii,6508
Idaho,9557
Illinois,8693
Indiana,3996
Iowa,2003
Kansas,2891
Kentucky,2253
Louisiana,2990
Maine,707
Maryland,5296
Massachusetts,6502
Michigan,4974
Minnesota,3615
Mississippi,1578
Missouri,4800
Montana,3327
Nebraska,1585
Nevada,28989
New Hampshire,712
New Jersey,5266
New Mexico,3855
New York,12995
North Carolina,10312
North Dakota,884
Ohio,6572
Oklahoma,3960
Oregon,23626
Pennsylvania,6847
Rhode Island,817
South Carolina,3476
South Dakota,915
Tennessee,5293
Texas,41645
Utah,9064
Vermont,639
Virginia,10865
Washington,27878
West Virginia,378
Wisconsin,3558
Wyoming,1227
Alabama,983
Alaska,989
Arizona,7778
Arkansas,1301
California,11559
Connecticut,528
Delaware,17
District of Columbia,419
Florida,9068
Georgia,2034
Hawaii,1244
Idaho,1624
Illinois,2391
Indiana,1312
Iowa,1793
Kansas,2599
Kentucky,566
Louisiana,1029
Maine,704
Maryland,1279
Massachusetts,1184
Michigan,1751
Minnesota,2565
Mississippi,221
Missouri,2836
Montana,1417
Nebraska,1811
Nevada,2516
New Hampshire,359
New Jersey,816
New Mexico,3177
New York,2083
North Carolina,2632
North Dakota,526
Ohio,2076
Oklahoma,1934
Oregon,2759
Pennsylvania,2455
Rhode Island,180
South Carolina,1347
South Dakota,496
Tennessee,1781
Texas,11575
Utah,2509
Vermont,349
Virginia,2487
Washington,5334
West Virginia,235
Wisconsin,1212
Wyoming,2449
Alabama,393
Alaska,41
Arizona,944
Arkansas,0
California,3212
Colorado,1134
Delaware,228
District of Columbia,188
Florida,9361
Georgia,1802
Hawaii,22
Idaho,173
Illinois,1181
Indiana,226
Iowa,111
Kansas,164
Kentucky,359
Louisiana,155
Maine,1227
Maryland,856
Massachusetts,5427
Michigan,546
Minnesota,411
Mississippi,26
Missouri,78
Montana,12
Nebraska,387
Nevada,566
New Hampshire,1103
New Jersey,2094
New Mexico,70
New York,8223
North Carolina,2988
North Dakota,150
Ohio,1242
Oklahoma,101
Oregon,169
Pennsylvania,1867
Rhode Island,1974
South Carolina,1751
South Dakota,0
Tennessee,834
Texas,1736
Utah,325
Vermont,661
Virginia,1637
Washington,1109
West Virginia,141
Wisconsin,170
Wyoming,32
Alabama,64
Alaska,72
Arizona,601
Arkansas,60
California,830
Colorado,233
Connecticut,163
District of Columbia,70
Florida,1660
Georgia,678
Hawaii,0
Idaho,0
Illinois,32
Indiana,221
Iowa,37
Kansas,0
Kentucky,98
Louisiana,0
Maine,79
Maryland,3132
Massachusetts,277
Michigan,110
Minnesota,0
Mississippi,18
Missouri,184
Montana,0
Nebraska,17
Nevada,39
New Hampshire,28
New Jersey,810
New Mexico,33
New York,826
North Carolina,1087
North Dakota,12
Ohio,176
Oklahoma,117
Oregon,24
Pennsylvania,3965
Rhode Island,0
South Carolina,186
South Dakota,0
Tennessee,167
Texas,842
Utah,107
Vermont,9
Virginia,704
Washington,119
West Virginia,63
Wisconsin,145
Wyoming,0
Alabama,167
Alaska,12
Arizona,158
Arkansas,100
California,3650
Colorado,583
Connecticut,172
Delaware,139
Florida,1232
Georgia,592
Hawaii,182
Idaho,0
Illinois,682
Indiana,80
Iowa,68
Kansas,53
Kentucky,115
Louisiana,34
Maine,0
Maryland,12715
Massachusetts,930
Michigan,279
Minnesota,245
Mississippi,15
Missouri,132
Montana,20
Nebraska,54
Nevada,65
New Hampshire,100
New Jersey,486
New Mexico,55
New York,3479
North Carolina,906
North Dakota,0
Ohio,497
Oklahoma,110
Oregon,304
Pennsylvania,1763
Rhode Island,20
South Carolina,390
South Dakota,0
Tennessee,286
Texas,803
Utah,327
Vermont,64
Virginia,7388
Washington,976
West Virginia,290
Wisconsin,80
Wyoming,0
Alabama,7927
Alaska,615
Arizona,4864
Arkansas,1795
California,14868
Colorado,8054
Connecticut,2643
Delaware,629
District of Columbia,793
Georgia,23684
Hawaii,1266
Idaho,883
Illinois,7296
Indiana,4951
Iowa,1374
Kansas,1672
Kentucky,3724
Louisiana,3118
Maine,1544
Maryland,5473
Massachusetts,5839
Michigan,6740
Minnesota,2615
Mississippi,2378
Missouri,3771
Montana,826
Nebraska,1547
Nevada,3664
New Hampshire,1565
New Jersey,5660
New Mexico,1444
New York,12596
North Carolina,17358
North Dakota,579
Ohio,8347
Oklahoma,2138
Oregon,2061
Pennsylvania,7564
Rhode Island,1598
South Carolina,8887
South Dakota,485
Tennessee,11951
Texas,19821
Utah,1143
Vermont,361
Virginia,9661
Washington,5866
West Virginia,1224
Wisconsin,2445
Wyoming,357
Alabama,10893
Alaska,451
Arizona,2370
Arkansas,1215
California,7409
Colorado,2904
Connecticut,939
Delaware,140
District of Columbia,552
Florida,24384
Hawaii,1373
Idaho,147
Illinois,2898
Indiana,1732
Iowa,274
Kansas,987
Kentucky,1454
Louisiana,2178
Maine,177
Maryland,2669
Massachusetts,1476
Michigan,2264
Minnesota,983
Mississippi,2080
Missouri,1614
Montana,142
Nebraska,268
Nevada,1203
New Hampshire,231
New Jersey,1638
New Mexico,431
New York,4069
North Carolina,9456
North Dakota,339
Ohio,3290
Oklahoma,866
Oregon,630
Pennsylvania,3182
Rhode Island,219
South Carolina,7950
South Dakota,104
Tennessee,7556
Texas,10062
Utah,824
Vermont,127
Virginia,4573
Washington,2336
West Virginia,406
Wisconsin,1314
Wyoming,61
Alabama,512
Alaska,339
Arizona,1180
Arkansas,84
California,7130
Colorado,1787
Connecticut,431
Delaware,16
District of Columbia,12
Florida,1417
Georgia,648
Idaho,185
Illinois,324
Indiana,343
Iowa,284
Kansas,309
Kentucky,149
Louisiana,287
Maine,110
Maryland,1048
Massachusetts,203
Michigan,318
Minnesota,71
Mississippi,214
Missouri,339
Montana,33
Nebraska,35
Nevada,2620
New Hampshire,31
New Jersey,106
New Mexico,338
New York,580
North Carolina,679
North Dakota,84
Ohio,269
Oklahoma,280
Oregon,1593
Pennsylvania,417
Rhode Island,13
South Carolina,533
South Dakota,147
Tennessee,576
Texas,2870
Utah,780
Vermont,0
Virginia,1573
Washington,2087
West Virginia,73
Wisconsin,200
Wyoming,30
Alabama,22
Alaska,358
Arizona,1601
Arkansas,91
California,2210
Colorado,711
Connecticut,15
Delaware,0
District of Columbia,40
Florida,593
Georgia,460
Hawaii,210
Illinois,145
Indiana,195
Iowa,401
Kansas,37
Kentucky,138
Louisiana,172
Maine,89
Maryland,142
Massachusetts,8
Michigan,279
Minnesota,148
Mississippi,153
Missouri,416
Montana,790
Nebraska,133
Nevada,980
New Hampshire,41
New Jersey,35
New Mexico,234
New York,187
North Carolina,149
North Dakota,230
Ohio,169
Oklahoma,197
Oregon,2962
Pennsylvania,308
Rhode Island,25
South Carolina,252
South Dakota,47
Tennessee,172
Texas,878
Utah,3214
Vermont,0
Virginia,130
Washington,4984
West Virginia,43
Wisconsin,196
Wyoming,387
Alabama,1181
Alaska,644
Arizona,6765
Arkansas,1572
California,15273
Colorado,6214
Connecticut,548
Delaware,282
District of Columbia,849
Florida,16393
Georgia,6184
Hawaii,1038
Idaho,220
Indiana,12637
Iowa,4611
Kansas,1414
Kentucky,2216
Louisiana,932
Maine,274
Maryland,1481
Massachusetts,2140
Michigan,6662
Minnesota,4272
Mississippi,1294
Missouri,9133
Montana,754
Nebraska,686
Nevada,2001
New Hampshire,484
New Jersey,1177
New Mexico,452
New York,3821
North Carolina,4244
North Dakota,324
Ohio,4101
Oklahoma,1414
Oregon,1615
Pennsylvania,2336
Rhode Island,153
South Carolina,2030
South Dakota,366
Tennessee,5516
Texas,13486
Utah,1185
Vermont,34
Virginia,3091
Washington,3453
West Virginia,281
Wisconsin,11813
Wyoming,69
Alabama,1045
Alaska,18
Arizona,2626
Arkansas,587
California,3777
Colorado,1559
Connecticut,195
Delaware,27
District of Columbia,237
Florida,8848
Georgia,1783
Hawaii,231
Idaho,172
Illinois,7269
Iowa,292
Kansas,773
Kentucky,5596
Louisiana,311
Maine,18
Maryland,700
Massachusetts,773
Michigan,5163
Minnesota,1026
Mississippi,555
Missouri,1428
Montana,271
Nebraska,163
Nevada,491
New Hampshire,393
New Jersey,581
New Mexico,256
New York,861
North Carolina,2537
North Dakota,77
Ohio,6121
Oklahoma,710
Oregon,610
Pennsylvania,1201
Rhode Island,98
South Carolina,1484
South Dakota,234
Tennessee,3341
Texas,4832
Utah,533
Vermont,0
Virginia,1631
Washington,1209
West Virginia,258
Wisconsin,893
Wyoming,63
Alabama,272
Alaska,314
Arizona,1800
Arkansas,228
California,1728
Colorado,1637
Connecticut,111
Delaware,14
District of Columbia,51
Florida,2368
Georgia,575
Hawaii,309
Idaho,110
Illinois,3951
Indiana,602
Kansas,1201
Kentucky,377
Louisiana,196
Maine,163
Maryland,230
Massachusetts,182
Michigan,290
Minnesota,2490
Mississippi,113
Missouri,2793
Montana,129
Nebraska,2718
Nevada,407
New Hampshire,5
New Jersey,12
New Mexico,164
New York,496
North Carolina,790
North Dakota,339
Ohio,714
Oklahoma,370
Oregon,358
Pennsylvania,237
Rhode Island,76
South Carolina,374
South Dakota,1319
Tennessee,602
Texas,2830
Utah,320
Vermont,0
Virginia,534
Washington,445
West Virginia,48
Wisconsin,2141
Wyoming,105
Alabama,284
Alaska,593
Arizona,2032
Arkansas,991
California,1924
Colorado,2741
Connecticut,83
Delaware,143
District of Columbia,0
Florida,1969
Georgia,1928
Hawaii,340
Idaho,293
Illinois,1098
Indiana,963
Iowa,952
Kentucky,740
Louisiana,301
Maine,19
Maryland,195
Massachusetts,288
Michigan,846
Minnesota,285
Mississippi,232
Missouri,12028
Montana,139
Nebraska,2069
Nevada,414
New Hampshire,16
New Jersey,380
New Mexico,147
New York,509
North Carolina,914
North Dakota,70
Ohio,797
Oklahoma,2628
Oregon,653
Pennsylvania,421
Rhode Island,8
South Carolina,497
South Dakota,344
Tennessee,814
Texas,5221
Utah,194
Vermont,9
Virginia,881
Washington,1050
West Virginia,101
Wisconsin,215
Wyoming,124
Alabama,934
Alaska,221
Arizona,959
Arkansas,470
California,2043
Colorado,1108
Connecticut,125
Delaware,26
District of Columbia,74
Florida,6183
Georgia,1979
Hawaii,170
Idaho,119
Illinois,1404
Indiana,5261
Iowa,305
Kansas,352
Louisiana,367
Maine,226
Maryland,308
Massachusetts,296
Michigan,1194
Minnesota,351
Mississippi,462
Missouri,885
Montana,63
Nebraska,167
Nevada,196
New Hampshire,107
New Jersey,53
New Mexico,133
New York,779
North Carolina,1510
North Dakota,1
Ohio,7925
Oklahoma,552
Oregon,267
Pennsylvania,791
Rhode Island,87
South Carolina,1029
South Dakota,26
Tennessee,6361
Texas,3236
Utah,142
Vermont,276
Virginia,1925
Washington,426
West Virginia,704
Wisconsin,547
Wyoming,213
Alabama,1378
Alaska,356
Arizona,1040
Arkansas,1501
California,3114
Colorado,1553
Connecticut,287
Delaware,46
District of Columbia,135
Florida,3286
Georgia,2525
Hawaii,76
Idaho,136
Illinois,740
Indiana,579
Iowa,320
Kansas,369
Kentucky,494
Maine,11
Maryland,288
Massachusetts,827
Michigan,550
Minnesota,112
Mississippi,4378
Missouri,1108
Montana,291
Nebraska,61
Nevada,350
New Hampshire,275
New Jersey,595
New Mexico,265
New York,1048
North Carolina,1299
North Dakota,158
Ohio,697
Oklahoma,1191
Oregon,653
Pennsylvania,320
Rhode Island,52
South Carolina,1063
South Dakota,291
Tennessee,1358
Texas,15381
Utah,313
Vermont,0
Virginia,1595
Washington,867
West Virginia,110
Wisconsin,469
Wyoming,184
Alabama,62
Alaska,121
Arizona,199
Arkansas,8
California,1240
Colorado,302
Connecticut,384
Delaware,63
District of Columbia,62
Florida,2395
Georgia,216
Hawaii,0
Idaho,75
Illinois,277
Indiana,145
Iowa,0
Kansas,4
Kentucky,212
Louisiana,22
Maryland,186
Massachusetts,1905
Michigan,497
Minnesota,142
Mississippi,13
Missouri,156
Montana,41
Nebraska,3
Nevada,57
New Hampshire,1926
New Jersey,197
New Mexico,62
New York,528
North Carolina,837
North Dakota,0
Ohio,201
Oklahoma,64
Oregon,252
Pennsylvania,697
Rhode Island,238
South Carolina,409
South Dakota,0
Tennessee,478
Texas,573
Utah,39
Vermont,103
Virginia,418
Washington,128
West Virginia,87
Wisconsin,64
Wyoming,300
Alabama,375
Alaska,169
Arizona,1433
Arkansas,285
California,6757
Colorado,2073
Connecticut,863
Delaware,4320
District of Columbia,8393
Florida,9475
Georgia,2298
Hawaii,297
Idaho,113
Illinois,1380
Indiana,540
Iowa,240
Kansas,515
Kentucky,836
Louisiana,542
Maine,166
Massachusetts,1591
Michigan,708
Minnesota,758
Mississippi,284
Missouri,396
Montana,148
Nebraska,394
Nevada,572
New Hampshire,373
New Jersey,2505
New Mexico,222
New York,3646
North Carolina,5389
North Dakota,160
Ohio,1632
Oklahoma,505
Oregon,456
Pennsylvania,8441
Rhode Island,233
South Carolina,2955
South Dakota,74
Tennessee,940
Texas,4668
Utah,311
Vermont,37
Virginia,15810
Washington,1849
West Virginia,2939
Wisconsin,428
Wyoming,0
Alabama,380
Alaska,103
Arizona,1502
Arkansas,163
California,10343
Colorado,2005
Connecticut,4718
Delaware,196
District of Columbia,1005
Florida,11931
Georgia,1941
Hawaii,434
Idaho,183
Illinois,1966
Indiana,487
Iowa,133
Kansas,349
Kentucky,375
Louisiana,268
Maine,3799
Maryland,1544
Michigan,1245
Minnesota,1103
Mississippi,230
Missouri,700
Montana,217
Nebraska,95
Nevada,745
New Hampshire,10553
New Jersey,1951
New Mexico,293
New York,7192
North Carolina,3307
North Dakota,0
Ohio,1660
Oklahoma,201
Oregon,1012
Pennsylvania,2712
Rhode Island,6137
South Carolina,1943
South Dakota,78
Tennessee,1598
Texas,3884
Utah,622
Vermont,1234
Virginia,3091
Washington,2523
West Virginia,179
Wisconsin,229
Wyoming,82
Alabama,957
Alaska,244
Arizona,4272
Arkansas,665
California,5687
Colorado,2505
Connecticut,324
Delaware,16
District of Columbia,283
Florida,13427
Georgia,2853
Hawaii,129
Idaho,372
Illinois,4711
Indiana,4251
Iowa,342
Kansas,478
Kentucky,1272
Louisiana,733
Maine,421
Maryland,1085
Massachusetts,1303
Minnesota,1271
Mississippi,439
Missouri,889
Montana,360
Nebraska,397
Nevada,1195
New Hampshire,296
New Jersey,829
New Mexico,437
New York,1972
North Carolina,3646
North Dakota,59
Ohio,5675
Oklahoma,430
Oregon,811
Pennsylvania,2112
Rhode Island,194
South Carolina,1219
South Dakota,34
Tennessee,3240
Texas,5355
Utah,313
Vermont,127
Virginia,2033
Washington,1947
West Virginia,232
Wisconsin,2330
Wyoming,129
Alabama,211
Alaska,446
Arizona,5065
Arkansas,452
California,4978
Colorado,2144
Connecticut,350
Delaware,11
District of Columbia,77
Florida,4499
Georgia,1594
Hawaii,207
Idaho,307
Illinois,1959
Indiana,534
Iowa,1879
Kansas,621
Kentucky,294
Louisiana,182
Maine,0
Maryland,553
Massachusetts,602
Michigan,1032
Mississippi,48
Missouri,805
Montana,546
Nebraska,661
Nevada,1177
New Hampshire,147
New Jersey,316
New Mexico,409
New York,940
North Carolina,1090
North Dakota,3407
Ohio,1022
Oklahoma,382
Oregon,1009
Pennsylvania,1225
Rhode Island,33
South Carolina,266
South Dakota,2022
Tennessee,928
Texas,3784
Utah,173
Vermont,66
Virginia,872
Washington,1789
West Virginia,86
Wisconsin,7905
Wyoming,142
Alabama,3421
Alaska,0
Arizona,303
Arkansas,1419
California,1207
Colorado,436
Connecticut,0
Delaware,12
District of Columbia,93
Florida,2700
Georgia,2698
Hawaii,95
Idaho,25
Illinois,1204
Indiana,479
Iowa,208
Kansas,263
Kentucky,238
Louisiana,4214
Maine,43
Maryland,620
Massachusetts,99
Michigan,976
Minnesota,348
Missouri,1396
Montana,42
Nebraska,105
Nevada,373
New Hampshire,0
New Jersey,150
New Mexico,124
New York,413
North Carolina,785
North Dakota,72
Ohio,649
Oklahoma,378
Oregon,199
Pennsylvania,518
Rhode Island,48
South Carolina,375
South Dakota,13
Tennessee,4833
Texas,4609
Utah,242
Vermont,0
Virginia,994
Washington,346
West Virginia,45
Wisconsin,130
Wyoming,0
Alabama,706
Alaska,262
Arizona,2186
Arkansas,3335
California,4119
Colorado,2920
Connecticut,344
Delaware,42
District of Columbia,262
Florida,6805
Georgia,1899
Hawaii,388
Idaho,551
Illinois,7763
Indiana,1192
Iowa,2290
Kansas,11749
Kentucky,1007
Louisiana,368
Maine,44
Maryland,477
Massachusetts,704
Michigan,1886
Minnesota,1064
Mississippi,578
Montana,222
Nebraska,578
Nevada,710
New Hampshire,104
New Jersey,311
New Mexico,247
New York,1505
North Carolina,1840
North Dakota,587
Ohio,1906
Oklahoma,2384
Oregon,824
Pennsylvania,652
Rhode Island,191
South Carolina,963
South Dakota,176
Tennessee,1356
Texas,8773
Utah,712
Vermont,25
Virginia,1960
Washington,1745
West Virginia,60
Wisconsin,1188
Wyoming,275
Alabama,174
Alaska,64
Arizona,1153
Arkansas,93
California,1124
Colorado,1172
Connecticut,0
Delaware,0
District of Columbia,27
Florida,423
Georgia,235
Hawaii,78
Idaho,989
Illinois,174
Indiana,235
Iowa,129
Kansas,351
Kentucky,17
Louisiana,127
Maine,70
Maryland,91
Massachusetts,64
Michigan,296
Minnesota,320
Mississippi,76
Missouri,143
Nebraska,48
Nevada,347
New Hampshire,0
New Jersey,29
New Mexico,289
New York,60
North Carolina,335
North Dakota,890
Ohio,323
Oklahoma,3
Oregon,1375
Pennsylvania,158
Rhode Island,54
South Carolina,46
South Dakota,333
Tennessee,152
Texas,992
Utah,1047
Vermont,0
Virginia,110
Washington,2608
West Virginia,11
Wisconsin,185
Wyoming,929
Alabama,163
Alaska,11
Arizona,931
Arkansas,331
California,1307
Colorado,2737
Connecticut,5
Delaware,101
District of Columbia,172
Florida,1590
Georgia,727
Hawaii,86
Idaho,122
Illinois,1215
Indiana,256
Iowa,3096
Kansas,1297
Kentucky,134
Louisiana,110
Maine,0
Maryland,15
Massachusetts,277
Michigan,576
Minnesota,1392
Mississippi,116
Missouri,1108
Montana,151
Nevada,353
New Hampshire,30
New Jersey,191
New Mexico,53
New York,159
North Carolina,399
North Dakota,65
Ohio,463
Oklahoma,404
Oregon,166
Pennsylvania,706
Rhode Island,49
South Carolina,285
South Dakota,812
Tennessee,376
Texas,2294
Utah,243
Vermont,19
Virginia,444
Washington,352
West Virginia,0
Wisconsin,221
Wyoming,271
Alabama,424
Alaska,609
Arizona,4324
Arkansas,411
California,13907
Colorado,2666
Connecticut,125
Delaware,43
District of Columbia,33
Florida,3226
Georgia,872
Hawaii,1114
Idaho,1778
Illinois,974
Indiana,507
Iowa,161
Kansas,419
Kentucky,196
Louisiana,664
Maine,0
Maryland,367
Massachusetts,266
Michigan,1205
Minnesota,546
Mississippi,333
Missouri,864
Montana,415
Nebraska,279
New Hampshire,180
New Jersey,259
New Mexico,824
New York,1154
North Carolina,1132
North Dakota,86
Ohio,992
Oklahoma,294
Oregon,2066
Pennsylvania,809
Rhode Island,11
South Carolina,368
South Dakota,119
Tennessee,657
Texas,5001
Utah,2352
Vermont,0
Virginia,1063
Washington,2514
West Virginia,112
Wisconsin,516
Wyoming,627
Alabama,78
Alaska,66
Arizona,322
Arkansas,49
California,617
Colorado,203
Connecticut,357
Delaware,44
District of Columbia,56
Florida,3620
Georgia,507
Hawaii,24
Idaho,16
Illinois,369
Indiana,185
Iowa,0
Kansas,0
Kentucky,148
Louisiana,51
Maine,2938
Maryland,271
Massachusetts,5611
Michigan,108
Minnesota,346
Mississippi,15
Missouri,126
Montana,135
Nebraska,0
Nevada,64
New Jersey,266
New Mexico,166
New York,896
North Carolina,687
North Dakota,116
Ohio,355
Oklahoma,44
Oregon,173
Pennsylvania,289
Rhode Island,314
South Carolina,390
South Dakota,38
Tennessee,255
Texas,811
Utah,109
Vermont,1215
Virginia,659
Washington,448
West Virginia,53
Wisconsin,245
Wyoming,55
Alabama,444
Alaska,122
Arizona,2140
Arkansas,137
California,6684
Colorado,1929
Connecticut,1919
Delaware,2614
District of Columbia,567
Florida,19560
Georgia,3569
Hawaii,324
Idaho,12
Illinois,1849
Indiana,1264
Iowa,41
Kansas,255
Kentucky,170
Louisiana,459
Maine,556
Maryland,3489
Massachusetts,2250
Michigan,968
Minnesota,270
Mississippi,365
Missouri,866
Montana,51
Nebraska,281
Nevada,1204
New Hampshire,239
New Mexico,435
New York,19158
North Carolina,7401
North Dakota,284
Ohio,1935
Oklahoma,266
Oregon,479
Pennsylvania,20250
Rhode Island,241
South Carolina,2993
South Dakota,154
Tennessee,1097
Texas,5526
Utah,321
Vermont,450
Virginia,3894
Washington,2205
West Virginia,32
Wisconsin,825
Wyoming,158
Alabama,461
Alaska,379
Arizona,4610
Arkansas,225
California,2833
Colorado,3370
Connecticut,157
Delaware,117
District of Columbia,47
Florida,1845
Georgia,675
Hawaii,308
Idaho,336
Illinois,185
Indiana,384
Iowa,137
Kansas,101
Kentucky,292
Louisiana,360
Maine,95
Maryland,491
Massachusetts,255
Michigan,330
Minnesota,121
Mississippi,64
Missouri,560
Montana,78
Nebraska,610
Nevada,1067
New Hampshire,66
New Jersey,80
New York,413
North Carolina,727
North Dakota,657
Ohio,429
Oklahoma,567
Oregon,856
Pennsylvania,496
Rhode Island,12
South Carolina,399
South Dakota,96
Tennessee,379
Texas,8417
Utah,719
Vermont,135
Virginia,1023
Washington,858
West Virginia,28
Wisconsin,200
Wyoming,284
Alabama,1313
Alaska,232
Arizona,2954
Arkansas,388
California,26169
Colorado,5289
Connecticut,14280
Delaware,1642
District of Columbia,2300
Florida,39334
Georgia,9051
Hawaii,865
Idaho,420
Illinois,4216
Indiana,1160
Iowa,199
Kansas,1231
Kentucky,1059
Louisiana,1366
Maine,1250
Maryland,4555
Massachusetts,9728
Michigan,2954
Minnesota,1075
Mississippi,422
Missouri,1418
Montana,335
Nebraska,327
Nevada,1742
New Hampshire,1561
New Jersey,33733
New Mexico,833
North Carolina,15546
North Dakota,386
Ohio,4504
Oklahoma,1105
Oregon,1771
Pennsylvania,19275
Rhode Island,1276
South Carolina,6387
South Dakota,23
Tennessee,3444
Texas,11806
Utah,1254
Vermont,1473
Virginia,7764
Washington,4322
West Virginia,298
Wisconsin,799
Wyoming,167
Alabama,2749
Alaska,582
Arizona,3060
Arkansas,516
California,7477
Colorado,3162
Connecticut,1046
Delaware,468
District of Columbia,770
Florida,16035
Georgia,8024
Hawaii,1426
Idaho,534
Illinois,2718
Indiana,1703
Iowa,728
Kansas,963
Kentucky,1561
Louisiana,1023
Maine,785
Maryland,3648
Massachusetts,2155
Michigan,1999
Minnesota,1367
Mississippi,422
Missouri,1738
Montana,201
Nebraska,385
Nevada,1046
New Hampshire,731
New Jersey,1988
New Mexico,458
New York,5543
North Dakota,103
Ohio,3897
Oklahoma,915
Oregon,1574
Pennsylvania,4562
Rhode Island,354
South Carolina,17802
South Dakota,19
Tennessee,5089
Texas,7372
Utah,646
Vermont,94
Virginia,11801
Washington,2594
West Virginia,1579
Wisconsin,815
Wyoming,137
Alabama,134
Alaska,115
Arizona,1088
Arkansas,71
California,549
Colorado,823
Connecticut,51
Delaware,0
District of Columbia,2
Florida,762
Georgia,141
Hawaii,43
Idaho,398
Illinois,191
Indiana,89
Iowa,146
Kansas,137
Kentucky,89
Louisiana,101
Maine,0
Maryland,197
Massachusetts,67
Michigan,340
Minnesota,4556
Mississippi,52
Missouri,189
Montana,835
Nebraska,344
Nevada,97
New Hampshire,18
New Jersey,82
New Mexico,34
New York,212
North Carolina,296
Ohio,288
Oklahoma,146
Oregon,198
Pennsylvania,325
Rhode Island,70
South Carolina,186
South Dakota,1275
Tennessee,47
Texas,747
Utah,341
Vermont,21
Virginia,251
Washington,884
West Virginia,0
Wisconsin,413
Wyoming,289
Alabama,804
Alaska,82
Arizona,3691
Arkansas,269
California,6571
Colorado,2544
Connecticut,871
Delaware,100
District of Columbia,432
Florida,16705
Georgia,4182
Hawaii,235
Idaho,203
Illinois,3780
Indiana,6351
Iowa,558
Kansas,548
Kentucky,8203
Louisiana,800
Maine,341
Maryland,1631
Massachusetts,1056
Michigan,7613
Minnesota,1326
Mississippi,529
Missouri,1408
Montana,369
Nebraska,299
Nevada,1044
New Hampshire,220
New Jersey,1126
New Mexico,644
New York,2749
North Carolina,5439
North Dakota,19
Oklahoma,475
Oregon,693
Pennsylvania,6406
Rhode Island,241
South Carolina,3092
South Dakota,151
Tennessee,3504
Texas,5756
Utah,731
Vermont,80
Virginia,3533
Washington,1547
West Virginia,2791
Wisconsin,1069
Wyoming,162
Alabama,476
Alaska,103
Arizona,2074
Arkansas,3041
California,3077
Colorado,2485
Connecticut,107
Delaware,154
District of Columbia,0
Florida,2181
Georgia,1181
Hawaii,286
Idaho,277
Illinois,760
Indiana,677
Iowa,403
Kansas,2718
Kentucky,311
Louisiana,771
Maine,21
Maryland,501
Massachusetts,313
Michigan,410
Minnesota,595
Mississippi,219
Missouri,2813
Montana,178
Nebraska,343
Nevada,597
New Hampshire,44
New Jersey,146
New Mexico,554
New York,708
North Carolina,899
North Dakota,205
Ohio,433
Oregon,686
Pennsylvania,845
Rhode Island,16
South Carolina,375
South Dakota,95
Tennessee,1090
Texas,13768
Utah,413
Vermont,0
Virginia,1129
Washington,1500
West Virginia,98
Wisconsin,691
Wyoming,145
Alabama,237
Alaska,637
Arizona,6080
Arkansas,143
California,10730
Colorado,2566
Connecticut,174
Delaware,0
District of Columbia,58
Florida,1577
Georgia,876
Hawaii,898
Idaho,2534
Illinois,596
Indiana,555
Iowa,351
Kansas,384
Kentucky,401
Louisiana,244
Maine,123
Maryland,351
Massachusetts,439
Michigan,750
Minnesota,448
Mississippi,225
Missouri,694
Montana,825
Nebraska,271
Nevada,1683
New Hampshire,205
New Jersey,106
New Mexico,573
New York,1117
North Carolina,1194
North Dakota,39
Ohio,1001
Oklahoma,459
Pennsylvania,699
Rhode Island,197
South Carolina,216
South Dakota,35
Tennessee,854
Texas,2553
Utah,1978
Vermont,91
Virginia,363
Washington,17483
West Virginia,86
Wisconsin,436
Wyoming,185
Alabama,725
Alaska,154
Arizona,2586
Arkansas,611
California,8375
Colorado,2307
Connecticut,1896
Delaware,6938
District of Columbia,597
Florida,19623
Georgia,3629
Hawaii,325
Idaho,333
Illinois,2918
Indiana,1817
Iowa,405
Kansas,454
Kentucky,1022
Louisiana,623
Maine,872
Maryland,7757
Massachusetts,3971
Michigan,2393
Minnesota,1104
Mississippi,173
Missouri,1049
Montana,37
Nebraska,260
Nevada,1097
New Hampshire,627
New Jersey,13604
New Mexico,740
New York,10702
North Carolina,7717
North Dakota,392
Ohio,7133
Oklahoma,540
Oregon,970
Rhode Island,406
South Carolina,3744
South Dakota,11
Tennessee,1832
Texas,6823
Utah,472
Vermont,443
Virginia,6694
Washington,1879
West Virginia,2321
Wisconsin,706
Wyoming,453
Alabama,136
Alaska,0
Arizona,108
Arkansas,0
California,1769
Colorado,335
Connecticut,1623
Delaware,20
District of Columbia,38
Florida,2081
Georgia,288
Hawaii,90
Idaho,0
Illinois,290
Indiana,0
Iowa,104
Kansas,0
Kentucky,0
Louisiana,7
Maine,127
Maryland,294
Massachusetts,4789
Michigan,163
Minnesota,149
Mississippi,5
Missouri,78
Montana,0
Nebraska,271
Nevada,76
New Hampshire,422
New Jersey,230
New Mexico,130
New York,810
North Carolina,383
North Dakota,0
Ohio,91
Oklahoma,39
Oregon,86
Pennsylvania,407
South Carolina,452
South Dakota,0
Tennessee,206
Texas,563
Utah,63
Vermont,145
Virginia,778
Washington,179
West Virginia,0
Wisconsin,8
Wyoming,25
Alabama,566
Alaska,28
Arizona,841
Arkansas,18
California,2019
Colorado,1346
Connecticut,477
Delaware,167
District of Columbia,217
Florida,7279
Georgia,8012
Hawaii,336
Idaho,51
Illinois,615
Indiana,872
Iowa,366
Kansas,104
Kentucky,1001
Louisiana,964
Maine,173
Maryland,1003
Massachusetts,820
Michigan,1500
Minnesota,168
Mississippi,365
Missouri,1022
Montana,31
Nebraska,306
Nevada,963
New Hampshire,183
New Jersey,672
New Mexico,414
New York,2153
North Carolina,14787
North Dakota,74
Ohio,1701
Oklahoma,466
Oregon,549
Pennsylvania,2255
Rhode Island,285
South Dakota,329
Tennessee,2517
Texas,4323
Utah,245
Vermont,42
Virginia,4735
Washington,1206
West Virginia,808
Wisconsin,601
Wyoming,146
Alabama,28
Alaska,247
Arizona,912
Arkansas,60
California,547
Colorado,850
Connecticut,58
Delaware,7
District of Columbia,52
Florida,744
Georgia,207
Hawaii,29
Idaho,14
Illinois,124
Indiana,198
Iowa,1187
Kansas,87
Kentucky,81
Louisiana,45
Maine,8
Maryland,69
Massachusetts,67
Michigan,158
Minnesota,2219
Mississippi,0
Missouri,366
Montana,141
Nebraska,1146
Nevada,160
New Hampshire,0
New Jersey,41
New Mexico,16
New York,15
North Carolina,426
North Dakota,1219
Ohio,150
Oklahoma,61
Oregon,109
Pennsylvania,204
Rhode Island,34
South Carolina,201
Tennessee,215
Texas,673
Utah,213
Vermont,0
Virginia,104
Washington,337
West Virginia,23
Wisconsin,266
Wyoming,240
Alabama,5295
Alaska,118
Arizona,1189
Arkansas,2481
California,2742
Colorado,1825
Connecticut,312
Delaware,81
District of Columbia,417
Florida,9449
Georgia,9138
Hawaii,449
Idaho,147
Illinois,2643
Indiana,2056
Iowa,444
Kansas,834
Kentucky,4632
Louisiana,992
Maine,331
Maryland,998
Massachusetts,760
Michigan,3068
Minnesota,1361
Mississippi,4896
Missouri,1188
Montana,76
Nebraska,324
Nevada,513
New Hampshire,175
New Jersey,474
New Mexico,406
New York,1911
North Carolina,4323
North Dakota,520
Ohio,3007
Oklahoma,657
Oregon,590
Pennsylvania,1424
Rhode Island,341
South Carolina,2346
South Dakota,188
Texas,6621
Utah,487
Vermont,61
Virginia,3848
Washington,1757
West Virginia,949
Wisconsin,979
Wyoming,104
Alabama,4677
Alaska,813
Arizona,9012
Arkansas,6764
California,21122
Colorado,15648
Connecticut,1375
Delaware,574
District of Columbia,1042
Florida,16655
Georgia,10357
Hawaii,1413
Idaho,1735
Illinois,6147
Indiana,3940
Iowa,1987
Kansas,4288
Kentucky,2471
Louisiana,10501
Maine,1174
Maryland,3112
Massachusetts,2087
Michigan,4888
Minnesota,3198
Mississippi,2637
Missouri,5447
Montana,798
Nebraska,2610
Nevada,2988
New Hampshire,792
New Jersey,3196
New Mexico,7990
New York,6120
North Carolina,7872
North Dakota,801
Ohio,6423
Oklahoma,12674
Oregon,3357
Pennsylvania,5279
Rhode Island,677
South Carolina,3526
South Dakota,480
Tennessee,7315
Utah,3758
Vermont,159
Virginia,7670
Washington,9210
West Virginia,442
Wisconsin,2494
Wyoming,1460
Alabama,378
Alaska,60
Arizona,3978
Arkansas,273
California,4683
Colorado,1527
Connecticut,82
Delaware,0
District of Columbia,157
Florida,2057
Georgia,545
Hawaii,639
Idaho,3953
Illinois,594
Indiana,388
Iowa,140
Kansas,373
Kentucky,394
Louisiana,151
Maine,258
Maryland,369
Massachusetts,378
Michigan,278
Minnesota,536
Mississippi,145
Missouri,1022
Montana,1231
Nebraska,363
Nevada,2468
New Hampshire,172
New Jersey,137
New Mexico,579
New York,392
North Carolina,678
North Dakota,67
Ohio,709
Oklahoma,529
Oregon,2022
Pennsylvania,609
Rhode Island,96
South Carolina,470
South Dakota,189
Tennessee,576
Texas,3928
Vermont,1
Virginia,1259
Washington,3727
West Virginia,85
Wisconsin,1043
Wyoming,708
Alabama,0
Alaska,34
Arizona,242
Arkansas,0
California,516
Colorado,417
Connecticut,319
Delaware,98
District of Columbia,149
Florida,1559
Georgia,229
Hawaii,45
Idaho,89
Illinois,211
Indiana,20
Iowa,121
Kansas,0
Kentucky,40
Louisiana,28
Maine,335
Maryland,192
Massachusetts,1362
Michigan,11
Minnesota,0
Mississippi,0
Missouri,295
Montana,56
Nebraska,8
Nevada,47
New Hampshire,1498
New Jersey,174
New Mexico,59
New York,1299
North Carolina,459
North Dakota,0
Ohio,185
Oklahoma,124
Oregon,223
Pennsylvania,685
Rhode Island,99
South Carolina,224
South Dakota,0
Tennessee,423
Texas,252
Utah,33
Virginia,577
Washington,228
West Virginia,46
Wisconsin,49
Wyoming,0
Alabama,1761
Alabama,209
Alaska,398
Alaska,0
Arizona,2513
Arizona,212
Arkansas,828
Arkansas,22
California,10932
California,389
Colorado,4289
Colorado,118
Connecticut,1126
Connecticut,23
Delaware,1254
Delaware,101
District of Columbia,5857
District of Columbia,109
Florida,16889
Florida,2283
Georgia,6443
Georgia,403
Hawaii,2049
Hawaii,33
Idaho,330
Idaho,0
Illinois,3395
Illinois,350
Indiana,1474
Indiana,221
Iowa,276
Iowa,266
Kansas,910
Kansas,27
Kentucky,1460
Kentucky,1143
Louisiana,911
Louisiana,168
Maine,539
Maine,5
Maryland,14942
Maryland,1809
Massachusetts,1967
Massachusetts,87
Michigan,1952
Michigan,221
Minnesota,1089
Minnesota,37
Mississippi,659
Mississippi,511
Missouri,1373
Missouri,202
Montana,235
Montana,16
Nebraska,416
Nebraska,18
Nevada,876
Nevada,19
New Hampshire,423
New Hampshire,92
New Jersey,2752
New Jersey,315
New Mexico,794
New Mexico,57
New York,5676
New York,405
North Carolina,16047
North Carolina,2091
North Dakota,95
North Dakota,0
Ohio,3217
Ohio,4242
Oklahoma,770
Oklahoma,43
Oregon,1439
Oregon,92
Pennsylvania,6574
Pennsylvania,2598
Rhode Island,514
Rhode Island,0
South Carolina,4608
South Carolina,1124
South Dakota,325
South Dakota,18
Tennessee,4641
Tennessee,858
Texas,9759
Texas,807
Utah,636
Utah,103
Vermont,190
Vermont,27
Washington,3106
Washington,275
West Virginia,3403
West Virginia,74492
Wisconsin,1187
Wisconsin,206
Wyoming,293
Wyoming,52
Alabama,774
Alaska,1882
Arizona,10479
Arkansas,585
California,18559
Colorado,4059
Connecticut,450
Delaware,156
District of Columbia,266
Florida,3713
Georgia,1500
Hawaii,2758
Idaho,6047
Illinois,1673
Indiana,769
Iowa,584
Kansas,871
Kentucky,629
Louisiana,556
Maine,385
Maryland,927
Massachusetts,842
Michigan,1457
Minnesota,2389
Mississippi,423
Missouri,1262
Montana,2395
Nebraska,394
Nevada,3347
New Hampshire,124
New Jersey,799
New Mexico,944
New York,2701
North Carolina,2278
North Dakota,275
Ohio,1806
Oklahoma,711
Oregon,14178
Pennsylvania,1660
Rhode Island,405
South Carolina,1211
South Dakota,64
Tennessee,1363
Texas,7448
Utah,2205
Vermont,87
Virginia,3633
West Virginia,213
Wisconsin,918
Wyoming,449
Alabama,209
Alaska,0
Arizona,212
Arkansas,22
California,389
Colorado,118
Connecticut,23
Delaware,101
District of Columbia,109
Florida,2283
Georgia,403
Hawaii,33
Idaho,0
Illinois,350
Indiana,221
Iowa,266
Kansas,27
Kentucky,1143
Louisiana,168
Maine,5
Maryland,1809
Massachusetts,87
Michigan,221
Minnesota,37
Mississippi,511
Missouri,202
Montana,16
Nebraska,18
Nevada,19
New Hampshire,92
New Jersey,315
New Mexico,57
New York,405
North Carolina,2091
North Dakota,0
Ohio,4242
Oklahoma,43
Oregon,92
Pennsylvania,2598
Rhode Island,0
South Carolina,1124
South Dakota,18
Tennessee,858
Texas,807
Utah,103
Vermont,27
Virginia,2942
Washington,275
Wisconsin,206
Wyoming,52
Alabama,654
Alaska,132
Arizona,3065
Arkansas,410
California,3129
Colorado,2172
Connecticut,197
Delaware,43
District of Columbia,246
Florida,5287
Georgia,1500
Hawaii,57
Idaho,108
Illinois,7001
Indiana,1225
Iowa,1236
Kansas,231
Kentucky,833
Louisiana,187
Maine,26
Maryland,744
Massachusetts,528
Michigan,2113
Minnesota,7086
Mississippi,485
Missouri,992
Montana,272
Nebraska,170
Nevada,685
New Hampshire,43
New Jersey,303
New Mexico,155
New York,935
North Carolina,1048
North Dakota,172
Ohio,1005
Oklahoma,107
Oregon,775
Pennsylvania,1141
Rhode Island,79
South Carolina,504
South Dakota,297
Tennessee,917
Texas,3117
Utah,525
Vermont,74
Virginia,849
Washington,1518
West Virginia,113
Wyoming,63
Alabama,0
Alaska,155
Arizona,502
Arkansas,220
California,1154
Colorado,1723
Connecticut,70
Delaware,0
District of Columbia,0
Florida,440
Georgia,335
Hawaii,0
Idaho,891
Illinois,130
Indiana,106
Iowa,194
Kansas,329
Kentucky,178
Louisiana,84
Maine,5
Maryland,0
Massachusetts,49
Michigan,222
Minnesota,101
Mississippi,137
Missouri,314
Montana,1377
Nebraska,432
Nevada,447
New Hampshire,0
New Jersey,69
New Mexico,115
New York,89
North Carolina,25
North Dakota,292
Ohio,123
Oklahoma,153
Oregon,282
Pennsylvania,89
Rhode Island,0
South Carolina,48
South Dakota,883
Tennessee,126
Texas,814
Utah,899
Vermont,9
Virginia,58
Washington,674
West Virginia,0
Wisconsin,353
